LP_auc,baseline_auc,LP_aupr,baseline_aupr,LP_f1,baseline_f1
0.7747963180032309,0.7455483183396475,0.28944711404031087,0.2348509553566083,0.3778508032805303,0.3289780790748408 
