LP_auc,baseline_auc,LP_aupr,baseline_aupr,LP_f1,baseline_f1
0.7554350083861994,0.7453102077422128,0.2456524373636869,0.2372320348588156,0.3387298839792046,0.32935460512485104 
